item_id,candidate_id,language,primary_phenomenon,dialogue_context,source_utterance,literal_gloss,speaker_role,listener_role,relationship,relative_status,familiarity,context_status,preservation_requirement,candidate_translation,candidate_type,annotator_id,source_naturalness,semantic_adequacy,speech_act_preservation,politeness_preservation,formality_preservation,stance_preservation,emotion_preservation,indirectness_preservation,code_switch_preservation,relationship_appropriateness,translation_naturalness,overall_pragmatic_preservation,uncertainty_label,notes
HIN_POL_001,HIN_POL_001-A,Hindi,POLITENESS_FORMALITY,1. A (Professor): Yeh assignment kal shaam tak jama kar dijiye.,"2. B (Student): Sir, kya mujhe do din aur mil sakte hain?","Sir, can I get two more days?",Student,Professor,ACADEMIC,SPEAKER_LOWER,LOW,HELPFUL,The translation must remain a deferential request from a student to a professor. It must not become a demand or a statement of intent.,"Sir, could I please have two more days?",reference,,,,,,,,,,,,,,,
HIN_POL_001,HIN_POL_001-B,Hindi,POLITENESS_FORMALITY,1. A (Professor): Yeh assignment kal shaam tak jama kar dijiye.,"2. B (Student): Sir, kya mujhe do din aur mil sakte hain?","Sir, can I get two more days?",Student,Professor,ACADEMIC,SPEAKER_LOWER,LOW,HELPFUL,The translation must remain a deferential request from a student to a professor. It must not become a demand or a statement of intent.,I need two more days.,contrastive,,,,,,,,,,,,,,,
HIN_POL_002,HIN_POL_002-A,Hindi,POLITENESS_FORMALITY,1. A (Senior colleague): Meeting ka time badal gaya hai.,2. B (Junior colleague): Aap mujhe naya time bata denge?,Will you tell me the new time?,Junior colleague,Senior colleague,WORKPLACE,SPEAKER_LOWER,MEDIUM,HELPFUL,The translation must preserve the respectful 'aap' register and remain a request rather than an instruction. This is the respectful half of a minimal pair with HIN_POL_003.,Could you let me know the new time?,reference,,,,,,,,,,,,,,,
HIN_POL_002,HIN_POL_002-B,Hindi,POLITENESS_FORMALITY,1. A (Senior colleague): Meeting ka time badal gaya hai.,2. B (Junior colleague): Aap mujhe naya time bata denge?,Will you tell me the new time?,Junior colleague,Senior colleague,WORKPLACE,SPEAKER_LOWER,MEDIUM,HELPFUL,The translation must preserve the respectful 'aap' register and remain a request rather than an instruction. This is the respectful half of a minimal pair with HIN_POL_003.,Tell me the new time.,contrastive,,,,,,,,,,,,,,,
HIN_POL_003,HIN_POL_003-A,Hindi,POLITENESS_FORMALITY,1. A (Colleague): Meeting ka time badal gaya hai.,2. B (Colleague): Tum mujhe naya time bata doge?,Will you tell me the new time?,Colleague,Colleague,WORKPLACE,EQUAL,HIGH,HELPFUL,The translation must sound like an ordinary casual request between equals. It must not be inflated into deferential or bureaucratic English. This is the familiar half of a minimal pair with HIN_POL_002.,Can you tell me the new time?,reference,,,,,,,,,,,,,,,
HIN_POL_003,HIN_POL_003-B,Hindi,POLITENESS_FORMALITY,1. A (Colleague): Meeting ka time badal gaya hai.,2. B (Colleague): Tum mujhe naya time bata doge?,Will you tell me the new time?,Colleague,Colleague,WORKPLACE,EQUAL,HIGH,HELPFUL,The translation must sound like an ordinary casual request between equals. It must not be inflated into deferential or bureaucratic English. This is the familiar half of a minimal pair with HIN_POL_002.,Would you be so kind as to inform me of the new time?,contrastive,,,,,,,,,,,,,,,
HIN_POL_004,HIN_POL_004-A,Hindi,POLITENESS_FORMALITY,"1. A (Uncle): Beta, khana kha liya?","2. B (Nephew): Ji chacha ji, aap bhi baith jaiye.","Yes uncle, you also please sit down.",Nephew,Uncle,FAMILY,SPEAKER_LOWER,HIGH,HELPFUL,The translation must preserve warmth and deference from a younger relative to an elder. The respectful imperative 'baith jaiye' must not become a bare order.,"Yes, uncle — please, you come and sit down too.",reference,,,,,,,,,,,,,,,
HIN_POL_004,HIN_POL_004-B,Hindi,POLITENESS_FORMALITY,"1. A (Uncle): Beta, khana kha liya?","2. B (Nephew): Ji chacha ji, aap bhi baith jaiye.","Yes uncle, you also please sit down.",Nephew,Uncle,FAMILY,SPEAKER_LOWER,HIGH,HELPFUL,The translation must preserve warmth and deference from a younger relative to an elder. The respectful imperative 'baith jaiye' must not become a bare order.,"Yes, uncle, sit down too.",contrastive,,,,,,,,,,,,,,,
HIN_POL_005,HIN_POL_005-A,Hindi,POLITENESS_FORMALITY,"1. A (Customer): Mera order abhi tak nahi aaya hai.
2. B (Support agent): Sir, aapka order abhi process ho raha hai.","3. A (Customer): Theek hai, par mujhe pandrah din ho gaye hain intezaar karte hue.","All right, but it has been fifteen days that I have been waiting.",Customer,Support agent,SERVICE,EQUAL,LOW,REQUIRED,The translation must keep the complaint restrained and civil. The speaker is frustrated but is deliberately not being rude to a service agent.,"That's fine, but I've been waiting fifteen days now.",reference,,,,,,,,,,,,,,,
HIN_POL_005,HIN_POL_005-B,Hindi,POLITENESS_FORMALITY,"1. A (Customer): Mera order abhi tak nahi aaya hai.
2. B (Support agent): Sir, aapka order abhi process ho raha hai.","3. A (Customer): Theek hai, par mujhe pandrah din ho gaye hain intezaar karte hue.","All right, but it has been fifteen days that I have been waiting.",Customer,Support agent,SERVICE,EQUAL,LOW,REQUIRED,The translation must keep the complaint restrained and civil. The speaker is frustrated but is deliberately not being rude to a service agent.,"Whatever, I've been waiting fifteen days.",contrastive,,,,,,,,,,,,,,,
HIN_POL_006,HIN_POL_006-A,Hindi,POLITENESS_FORMALITY,1. A (Patient): Kya main kal aa sakta hoon?,2. B (Clinic receptionist): Aap kal gyarah baje aa jaiye.,You come at eleven o'clock tomorrow.,Clinic receptionist,Patient,SERVICE,EQUAL,LOW,HELPFUL,"The translation must keep the respectful 'aa jaiye' imperative as a courteous instruction to a patient, not a curt command. This is the respectful half of a minimal pair with HIN_POL_007.",Please come at eleven tomorrow.,reference,,,,,,,,,,,,,,,
HIN_POL_006,HIN_POL_006-B,Hindi,POLITENESS_FORMALITY,1. A (Patient): Kya main kal aa sakta hoon?,2. B (Clinic receptionist): Aap kal gyarah baje aa jaiye.,You come at eleven o'clock tomorrow.,Clinic receptionist,Patient,SERVICE,EQUAL,LOW,HELPFUL,"The translation must keep the respectful 'aa jaiye' imperative as a courteous instruction to a patient, not a curt command. This is the respectful half of a minimal pair with HIN_POL_007.",Come at eleven tomorrow.,contrastive,,,,,,,,,,,,,,,
HIN_POL_007,HIN_POL_007-A,Hindi,POLITENESS_FORMALITY,1. A (Close friend): Kal aa jaun kya?,2. B (Close friend): Haan tu gyarah baje aa ja.,"Yes, you come at eleven o'clock.",Close friend,Close friend,FRIEND,EQUAL,HIGH,HELPFUL,"The translation must sound like warm, casual agreement between close friends. The intimate 'tu' register must not be inflated into polite or formal English. This is the familiar half of a minimal pair with HIN_POL_006.","Yeah, come over at eleven.",reference,,,,,,,,,,,,,,,
HIN_POL_007,HIN_POL_007-B,Hindi,POLITENESS_FORMALITY,1. A (Close friend): Kal aa jaun kya?,2. B (Close friend): Haan tu gyarah baje aa ja.,"Yes, you come at eleven o'clock.",Close friend,Close friend,FRIEND,EQUAL,HIGH,HELPFUL,"The translation must sound like warm, casual agreement between close friends. The intimate 'tu' register must not be inflated into polite or formal English. This is the familiar half of a minimal pair with HIN_POL_006.","Yes, please arrive at eleven o'clock.",contrastive,,,,,,,,,,,,,,,
HIN_POL_008,HIN_POL_008-A,Hindi,POLITENESS_FORMALITY,1. A (Manager): Main chahta hoon ki yeh kaam aaj hi poora ho jaye.,"2. B (Employee): Sir, koshish karta hoon, lekin thoda mushkil lag raha hai.","Sir, I will try, but it is looking a little difficult.",Employee,Manager,WORKPLACE,SPEAKER_LOWER,MEDIUM,REQUIRED,"The translation must preserve the hedge. The employee is signalling difficulty without refusing outright, and must not be made to reject the manager's instruction.","I'll try, sir, but it does look a bit difficult.",reference,,,,,,,,,,,,,,,
HIN_POL_008,HIN_POL_008-B,Hindi,POLITENESS_FORMALITY,1. A (Manager): Main chahta hoon ki yeh kaam aaj hi poora ho jaye.,"2. B (Employee): Sir, koshish karta hoon, lekin thoda mushkil lag raha hai.","Sir, I will try, but it is looking a little difficult.",Employee,Manager,WORKPLACE,SPEAKER_LOWER,MEDIUM,REQUIRED,"The translation must preserve the hedge. The employee is signalling difficulty without refusing outright, and must not be made to reject the manager's instruction.","I'll try, sir, but that's not going to happen.",contrastive,,,,,,,,,,,,,,,
HNG_POL_001,HNG_POL_001-A,Hinglish,POLITENESS_FORMALITY,1. A (Manager): Kal ka presentation ready hai?,"2. B (Intern): Sir almost done hai, bas ek slide baaki hai.","Sir, it is almost done, only one slide is left.",Intern,Manager,WORKPLACE,SPEAKER_LOWER,LOW,HELPFUL,"The translation must preserve the deference an intern shows a manager, which is carried almost entirely by the address term 'Sir'.","It's almost done, sir — just one slide left.",reference,,,,,,,,,,,,,,,
HNG_POL_001,HNG_POL_001-B,Hinglish,POLITENESS_FORMALITY,1. A (Manager): Kal ka presentation ready hai?,"2. B (Intern): Sir almost done hai, bas ek slide baaki hai.","Sir, it is almost done, only one slide is left.",Intern,Manager,WORKPLACE,SPEAKER_LOWER,LOW,HELPFUL,"The translation must preserve the deference an intern shows a manager, which is carried almost entirely by the address term 'Sir'.","It's almost done, just one slide left.",contrastive,,,,,,,,,,,,,,,
HNG_POL_002,HNG_POL_002-A,Hinglish,POLITENESS_FORMALITY,(no previous turns - this item is interpretable on its own),"1. A (Customer): Bhaiya, thoda discount kar dijiye na.","Brother, please give a little discount.",Customer,Shopkeeper,SERVICE,EQUAL,LOW,NOT_REQUIRED,"The translation must preserve the friendly, coaxing register of ordinary bargaining. The kinship address term 'bhaiya' and the softener 'na' make this a warm appeal rather than a demand.","Come on, brother, give me a bit of a discount.",reference,,,,,,,,,,,,,,,
HNG_POL_002,HNG_POL_002-B,Hinglish,POLITENESS_FORMALITY,(no previous turns - this item is interpretable on its own),"1. A (Customer): Bhaiya, thoda discount kar dijiye na.","Brother, please give a little discount.",Customer,Shopkeeper,SERVICE,EQUAL,LOW,NOT_REQUIRED,"The translation must preserve the friendly, coaxing register of ordinary bargaining. The kinship address term 'bhaiya' and the softener 'na' make this a warm appeal rather than a demand.",Give me a discount.,contrastive,,,,,,,,,,,,,,,
HNG_POL_003,HNG_POL_003-A,Hinglish,POLITENESS_FORMALITY,1. A (Professor): Aap log deadline extend karne ki request kar rahe the?,"2. B (Student): Ji sir, agar possible ho toh do din extra mil jayein.","Yes sir, if it is possible then we may get two extra days.",Student,Professor,ACADEMIC,SPEAKER_LOWER,LOW,HELPFUL,The translation must preserve the heavy hedging. The student is leaving the professor room to refuse and must not be made to issue an instruction. This is the deferential half of a minimal pair with HNG_POL_004.,"Yes sir — if it's possible, it would really help to have two extra days.",reference,,,,,,,,,,,,,,,
HNG_POL_003,HNG_POL_003-B,Hinglish,POLITENESS_FORMALITY,1. A (Professor): Aap log deadline extend karne ki request kar rahe the?,"2. B (Student): Ji sir, agar possible ho toh do din extra mil jayein.","Yes sir, if it is possible then we may get two extra days.",Student,Professor,ACADEMIC,SPEAKER_LOWER,LOW,HELPFUL,The translation must preserve the heavy hedging. The student is leaving the professor room to refuse and must not be made to issue an instruction. This is the deferential half of a minimal pair with HNG_POL_004.,"Yes sir, if possible give us two extra days.",contrastive,,,,,,,,,,,,,,,
HNG_POL_004,HNG_POL_004-A,Hinglish,POLITENESS_FORMALITY,1. A (Classmate): Tu extension maang raha hai kya?,"2. B (Classmate): Haan yaar, do din extra mil jaye toh ho jayega.","Yes friend, if two extra days are obtained then it will get done.",Classmate,Classmate,FRIEND,EQUAL,HIGH,HELPFUL,The translation must stay in a casual peer register. It must not be rendered in institutional or bureaucratic English. This is the casual half of a minimal pair with HNG_POL_003.,"Yeah man, if we get two extra days we'll be fine.",reference,,,,,,,,,,,,,,,
HNG_POL_004,HNG_POL_004-B,Hinglish,POLITENESS_FORMALITY,1. A (Classmate): Tu extension maang raha hai kya?,"2. B (Classmate): Haan yaar, do din extra mil jaye toh ho jayega.","Yes friend, if two extra days are obtained then it will get done.",Classmate,Classmate,FRIEND,EQUAL,HIGH,HELPFUL,The translation must stay in a casual peer register. It must not be rendered in institutional or bureaucratic English. This is the casual half of a minimal pair with HNG_POL_003.,"Yes, if we are granted two additional days it will be completed.",contrastive,,,,,,,,,,,,,,,
HIN_IND_001,HIN_IND_001-A,Hindi,INDIRECT_REQUEST_REFUSAL,"1. A (Aunt): Kal hamare ghar dinner pe aa jao.
2. B (Niece): Ji, zaroor.",3. A (Aunt): Toh phir saat baje aa jana.,Then come at seven o'clock.,Aunt,Niece,FAMILY,SPEAKER_HIGHER,HIGH,REQUIRED,"The translation must read as the friendly settling of an agreed invitation, not as a command issued to the niece.","Come over at seven, then.",reference,,,,,,,,,,,,,,,
HIN_IND_001,HIN_IND_001-B,Hindi,INDIRECT_REQUEST_REFUSAL,"1. A (Aunt): Kal hamare ghar dinner pe aa jao.
2. B (Niece): Ji, zaroor.",3. A (Aunt): Toh phir saat baje aa jana.,Then come at seven o'clock.,Aunt,Niece,FAMILY,SPEAKER_HIGHER,HIGH,REQUIRED,"The translation must read as the friendly settling of an agreed invitation, not as a command issued to the niece.",Then you must arrive at seven o'clock.,contrastive,,,,,,,,,,,,,,,
HIN_IND_002,HIN_IND_002-A,Hindi,INDIRECT_REQUEST_REFUSAL,1. A (Flatmate): Kitna garam ho raha hai aaj.,"2. B (Flatmate): Haan, pankha band hi hai shayad.","Yes, the fan is probably switched off.",Flatmate,Flatmate,FRIEND,EQUAL,HIGH,REQUIRED,The translation must remain an observation that merely implies the request. Making the request explicit destroys the phenomenon the item is built to test.,"Yeah, I think the fan's been left off.",reference,,,,,,,,,,,,,,,
HIN_IND_002,HIN_IND_002-B,Hindi,INDIRECT_REQUEST_REFUSAL,1. A (Flatmate): Kitna garam ho raha hai aaj.,"2. B (Flatmate): Haan, pankha band hi hai shayad.","Yes, the fan is probably switched off.",Flatmate,Flatmate,FRIEND,EQUAL,HIGH,REQUIRED,The translation must remain an observation that merely implies the request. Making the request explicit destroys the phenomenon the item is built to test.,"Yes, turn the fan on.",contrastive,,,,,,,,,,,,,,,
HIN_IND_003,HIN_IND_003-A,Hindi,INDIRECT_REQUEST_REFUSAL,1. A (Manager): Weekend pe office aa sakte ho?,"2. B (Employee): Sir, weekend pe ghar pe kuch program hai.","Sir, there is some function at home on the weekend.",Employee,Manager,WORKPLACE,SPEAKER_LOWER,MEDIUM,REQUIRED,"The translation must leave the refusal implied. The employee is avoiding an explicit 'no' to a superior, and the translation must preserve that avoidance. This is the indirect half of a minimal pair with HIN_IND_004.","Sir, there's a family function at home this weekend.",reference,,,,,,,,,,,,,,,
HIN_IND_003,HIN_IND_003-B,Hindi,INDIRECT_REQUEST_REFUSAL,1. A (Manager): Weekend pe office aa sakte ho?,"2. B (Employee): Sir, weekend pe ghar pe kuch program hai.","Sir, there is some function at home on the weekend.",Employee,Manager,WORKPLACE,SPEAKER_LOWER,MEDIUM,REQUIRED,"The translation must leave the refusal implied. The employee is avoiding an explicit 'no' to a superior, and the translation must preserve that avoidance. This is the indirect half of a minimal pair with HIN_IND_004.","Sir, I can't come on the weekend.",contrastive,,,,,,,,,,,,,,,
HIN_IND_004,HIN_IND_004-A,Hindi,INDIRECT_REQUEST_REFUSAL,1. A (Close friend): Weekend pe aa sakta hai?,"2. B (Close friend): Nahi yaar, nahi aa paunga.","No friend, I will not be able to come.",Close friend,Close friend,FRIEND,EQUAL,HIGH,HELPFUL,"The translation must remain a clear, unambiguous refusal. Softening it would leave the listener uncertain whether the speaker is coming. This is the direct half of a minimal pair with HIN_IND_003.","No man, I won't be able to make it.",reference,,,,,,,,,,,,,,,
HIN_IND_004,HIN_IND_004-B,Hindi,INDIRECT_REQUEST_REFUSAL,1. A (Close friend): Weekend pe aa sakta hai?,"2. B (Close friend): Nahi yaar, nahi aa paunga.","No friend, I will not be able to come.",Close friend,Close friend,FRIEND,EQUAL,HIGH,HELPFUL,"The translation must remain a clear, unambiguous refusal. Softening it would leave the listener uncertain whether the speaker is coming. This is the direct half of a minimal pair with HIN_IND_003.",I might have something on that weekend.,contrastive,,,,,,,,,,,,,,,
HIN_IND_005,HIN_IND_005-A,Hindi,INDIRECT_REQUEST_REFUSAL,"1. A (Student): Sir, report ho gayi hai.","2. B (Professor): Achha, isme references thode kam lag rahe hain.","I see, the references in this seem a little few.",Professor,Student,ACADEMIC,SPEAKER_HIGHER,MEDIUM,REQUIRED,"The translation must keep the criticism softened and implicit. The professor is choosing not to issue a direct order, and the translation must not supply one.",I see — the references here look a little thin.,reference,,,,,,,,,,,,,,,
HIN_IND_005,HIN_IND_005-B,Hindi,INDIRECT_REQUEST_REFUSAL,"1. A (Student): Sir, report ho gayi hai.","2. B (Professor): Achha, isme references thode kam lag rahe hain.","I see, the references in this seem a little few.",Professor,Student,ACADEMIC,SPEAKER_HIGHER,MEDIUM,REQUIRED,"The translation must keep the criticism softened and implicit. The professor is choosing not to issue a direct order, and the translation must not supply one.",I see. Add more references.,contrastive,,,,,,,,,,,,,,,
HIN_IND_006,HIN_IND_006-A,Hindi,INDIRECT_REQUEST_REFUSAL,"1. A (Customer): Bhaiya, yeh thoda sasta nahi ho sakta?","2. B (Shopkeeper): Sahab, rate toh fixed hi hai.","Sir, the rate is fixed.",Shopkeeper,Customer,SERVICE,EQUAL,LOW,REQUIRED,The translation must keep the refusal impersonal. Attributing the refusal to the shopkeeper personally rather than to the fixed price makes it more confrontational than intended.,"Sir, the price is fixed, I'm afraid.",reference,,,,,,,,,,,,,,,
HIN_IND_006,HIN_IND_006-B,Hindi,INDIRECT_REQUEST_REFUSAL,"1. A (Customer): Bhaiya, yeh thoda sasta nahi ho sakta?","2. B (Shopkeeper): Sahab, rate toh fixed hi hai.","Sir, the rate is fixed.",Shopkeeper,Customer,SERVICE,EQUAL,LOW,REQUIRED,The translation must keep the refusal impersonal. Attributing the refusal to the shopkeeper personally rather than to the fixed price makes it more confrontational than intended.,"No, I won't lower it.",contrastive,,,,,,,,,,,,,,,
HIN_IND_007,HIN_IND_007-A,Hindi,INDIRECT_REQUEST_REFUSAL,"1. A (Patient): Namaste, mujhe doctor sahab se milna tha.
2. B (Clinic receptionist): Woh char baje tak free nahin hain.",3. A (Patient): Mujhe paanch baje tak nikalna hai...,I have to leave by five o'clock...,Patient,Clinic receptionist,SERVICE,EQUAL,LOW,REQUIRED,"The translation must leave the request implied and preserve the trailing, unfinished quality of the utterance. Stating the request outright removes the phenomenon under test.","I do have to leave by five, though...",reference,,,,,,,,,,,,,,,
HIN_IND_007,HIN_IND_007-B,Hindi,INDIRECT_REQUEST_REFUSAL,"1. A (Patient): Namaste, mujhe doctor sahab se milna tha.
2. B (Clinic receptionist): Woh char baje tak free nahin hain.",3. A (Patient): Mujhe paanch baje tak nikalna hai...,I have to leave by five o'clock...,Patient,Clinic receptionist,SERVICE,EQUAL,LOW,REQUIRED,"The translation must leave the request implied and preserve the trailing, unfinished quality of the utterance. Stating the request outright removes the phenomenon under test.","I have to leave by five, so give me an earlier slot.",contrastive,,,,,,,,,,,,,,,
HIN_IND_008,HIN_IND_008-A,Hindi,INDIRECT_REQUEST_REFUSAL,"1. A (Close friend): Yaar, thode paise udhaar mil sakte hain?",2. B (Close friend): Abhi toh khud thoda tight chal raha hoon.,Right now I myself am running a little tight.,Close friend,Close friend,FRIEND,EQUAL,HIGH,REQUIRED,"The translation must preserve the embarrassed deflection. The speaker is protecting both his own face and his friend's, and must not be made to refuse bluntly.","Things are a bit tight for me right now, honestly.",reference,,,,,,,,,,,,,,,
HIN_IND_008,HIN_IND_008-B,Hindi,INDIRECT_REQUEST_REFUSAL,"1. A (Close friend): Yaar, thode paise udhaar mil sakte hain?",2. B (Close friend): Abhi toh khud thoda tight chal raha hoon.,Right now I myself am running a little tight.,Close friend,Close friend,FRIEND,EQUAL,HIGH,REQUIRED,"The translation must preserve the embarrassed deflection. The speaker is protecting both his own face and his friend's, and must not be made to refuse bluntly.",I'm not lending you money right now.,contrastive,,,,,,,,,,,,,,,
HNG_IND_001,HNG_IND_001-A,Hinglish,INDIRECT_REQUEST_REFUSAL,1. A (Manager): Kal ka session tum handle kar loge?,"2. B (Employee): Sir main try karta hoon, but kal mera ek personal commitment bhi hai.","Sir I will try, but tomorrow I also have a personal commitment.",Employee,Manager,WORKPLACE,SPEAKER_LOWER,MEDIUM,REQUIRED,The translation must keep the refusal implied behind a stated willingness to try. The employee is avoiding an explicit no to a manager.,"I'll try, sir, but I do have a personal commitment tomorrow.",reference,,,,,,,,,,,,,,,
HNG_IND_001,HNG_IND_001-B,Hinglish,INDIRECT_REQUEST_REFUSAL,1. A (Manager): Kal ka session tum handle kar loge?,"2. B (Employee): Sir main try karta hoon, but kal mera ek personal commitment bhi hai.","Sir I will try, but tomorrow I also have a personal commitment.",Employee,Manager,WORKPLACE,SPEAKER_LOWER,MEDIUM,REQUIRED,The translation must keep the refusal implied behind a stated willingness to try. The employee is avoiding an explicit no to a manager.,"I'll try, sir, but I can't do it tomorrow.",contrastive,,,,,,,,,,,,,,,
HNG_IND_002,HNG_IND_002-A,Hinglish,INDIRECT_REQUEST_REFUSAL,1. A (Classmate): Kal ka lecture miss ho gaya mera.,"2. B (Classmate): Mere paas notes hain, agar chahiye toh.","I have the notes, if they are wanted.",Classmate,Classmate,FRIEND,EQUAL,MEDIUM,HELPFUL,The translation must keep the offer low-pressure. The trailing conditional 'agar chahiye toh' leaves the classmate free to decline without awkwardness.,"I've got the notes, if you want them.",reference,,,,,,,,,,,,,,,
HNG_IND_002,HNG_IND_002-B,Hinglish,INDIRECT_REQUEST_REFUSAL,1. A (Classmate): Kal ka lecture miss ho gaya mera.,"2. B (Classmate): Mere paas notes hain, agar chahiye toh.","I have the notes, if they are wanted.",Classmate,Classmate,FRIEND,EQUAL,MEDIUM,HELPFUL,The translation must keep the offer low-pressure. The trailing conditional 'agar chahiye toh' leaves the classmate free to decline without awkwardness.,I have the notes. Take them.,contrastive,,,,,,,,,,,,,,,
HNG_IND_003,HNG_IND_003-A,Hinglish,INDIRECT_REQUEST_REFUSAL,"1. A (Customer): Mujhe yeh order urgent chahiye.
2. A (Customer): Aaj hi delivery ho sakti hai kya?","3. B (Support agent): Ma'am aaj toh thoda difficult hoga, kal try karte hain.","Ma'am, today it will be a little difficult, we will try tomorrow.",Support agent,Customer,SERVICE,EQUAL,LOW,REQUIRED,The translation must keep the refusal softened. 'Thoda difficult' is a hedge that avoids telling a customer flatly that their request is impossible. This is the hedged half of a minimal pair with HNG_IND_004.,"That'll be a bit difficult today, ma'am — we'll try for tomorrow.",reference,,,,,,,,,,,,,,,
HNG_IND_003,HNG_IND_003-B,Hinglish,INDIRECT_REQUEST_REFUSAL,"1. A (Customer): Mujhe yeh order urgent chahiye.
2. A (Customer): Aaj hi delivery ho sakti hai kya?","3. B (Support agent): Ma'am aaj toh thoda difficult hoga, kal try karte hain.","Ma'am, today it will be a little difficult, we will try tomorrow.",Support agent,Customer,SERVICE,EQUAL,LOW,REQUIRED,The translation must keep the refusal softened. 'Thoda difficult' is a hedge that avoids telling a customer flatly that their request is impossible. This is the hedged half of a minimal pair with HNG_IND_004.,"That's not possible today, ma'am. We'll do it tomorrow.",contrastive,,,,,,,,,,,,,,,
HNG_IND_004,HNG_IND_004-A,Hinglish,INDIRECT_REQUEST_REFUSAL,1. A (Close friend): Aaj hi ho jayega kya?,"2. B (Close friend): Nahi yaar, aaj toh impossible hai.","No friend, today it is impossible.",Close friend,Close friend,FRIEND,EQUAL,HIGH,HELPFUL,The translation must remain a clear refusal in a casual register. Hedging it would leave the friend uncertain. This is the direct half of a minimal pair with HNG_IND_003.,"No man, today's impossible.",reference,,,,,,,,,,,,,,,
HNG_IND_004,HNG_IND_004-B,Hinglish,INDIRECT_REQUEST_REFUSAL,1. A (Close friend): Aaj hi ho jayega kya?,"2. B (Close friend): Nahi yaar, aaj toh impossible hai.","No friend, today it is impossible.",Close friend,Close friend,FRIEND,EQUAL,HIGH,HELPFUL,The translation must remain a clear refusal in a casual register. Hedging it would leave the friend uncertain. This is the direct half of a minimal pair with HNG_IND_003.,It may be somewhat difficult today.,contrastive,,,,,,,,,,,,,,,
HIN_STA_001,HIN_STA_001-A,Hindi,STANCE_EMOTION,1. A (Close friend): Main aaj phir late ho gaya.,2. B (Close friend): Tumse toh yahi ummeed thi.,This was exactly the expectation from you.,Close friend,Close friend,FRIEND,EQUAL,HIGH,REQUIRED,The translation must preserve affectionate teasing between close friends. It must not become contempt or a genuine insult.,"Ha, that's exactly what I'd expect from you.",reference,,,,,,,,,,,,,,,
HIN_STA_001,HIN_STA_001-B,Hindi,STANCE_EMOTION,1. A (Close friend): Main aaj phir late ho gaya.,2. B (Close friend): Tumse toh yahi ummeed thi.,This was exactly the expectation from you.,Close friend,Close friend,FRIEND,EQUAL,HIGH,REQUIRED,The translation must preserve affectionate teasing between close friends. It must not become contempt or a genuine insult.,That's exactly what I expect from someone like you.,contrastive,,,,,,,,,,,,,,,
HIN_STA_002,HIN_STA_002-A,Hindi,STANCE_EMOTION,"1. A (Son): Maa, main khana nahi khaunga aaj.","2. B (Mother): Kyun beta, tabiyat theek hai na?","Why child, your health is fine, isn't it?",Mother,Son,FAMILY,SPEAKER_HIGHER,HIGH,HELPFUL,The translation must preserve maternal concern. The endearment 'beta' and the tag 'na' soften the question into an expression of worry.,"Why, beta — are you feeling all right?",reference,,,,,,,,,,,,,,,
HIN_STA_002,HIN_STA_002-B,Hindi,STANCE_EMOTION,"1. A (Son): Maa, main khana nahi khaunga aaj.","2. B (Mother): Kyun beta, tabiyat theek hai na?","Why child, your health is fine, isn't it?",Mother,Son,FAMILY,SPEAKER_HIGHER,HIGH,HELPFUL,The translation must preserve maternal concern. The endearment 'beta' and the tag 'na' soften the question into an expression of worry.,Why? Is there something wrong with you?,contrastive,,,,,,,,,,,,,,,
HIN_STA_003,HIN_STA_003-A,Hindi,STANCE_EMOTION,1. A (Colleague): Yeh file abhi tak nahi bheji?,"2. B (Colleague): Bhej di thi maine, dobara dekh lijiye.","I had sent it, please look again.",Colleague,Colleague,WORKPLACE,EQUAL,MEDIUM,REQUIRED,The translation must preserve restrained irritation: the speaker is annoyed but is deliberately staying polite with a colleague. This is the restrained half of a minimal pair with HIN_STA_004.,"I did send it — could you check again, please?",reference,,,,,,,,,,,,,,,
HIN_STA_003,HIN_STA_003-B,Hindi,STANCE_EMOTION,1. A (Colleague): Yeh file abhi tak nahi bheji?,"2. B (Colleague): Bhej di thi maine, dobara dekh lijiye.","I had sent it, please look again.",Colleague,Colleague,WORKPLACE,EQUAL,MEDIUM,REQUIRED,The translation must preserve restrained irritation: the speaker is annoyed but is deliberately staying polite with a colleague. This is the restrained half of a minimal pair with HIN_STA_004.,I sent it. Check again.,contrastive,,,,,,,,,,,,,,,
HIN_STA_004,HIN_STA_004-A,Hindi,STANCE_EMOTION,1. A (Colleague): Yeh file abhi tak nahi bheji?,2. B (Colleague): Kitni baar bhejun main?,How many times should I send it?,Colleague,Colleague,WORKPLACE,EQUAL,MEDIUM,REQUIRED,The translation must preserve open frustration and the rhetorical nature of the question. It must not be flattened into cheerful compliance or a literal request for a number. This is the openly irritated half of a minimal pair with HIN_STA_003.,How many times am I supposed to send it?,reference,,,,,,,,,,,,,,,
HIN_STA_004,HIN_STA_004-B,Hindi,STANCE_EMOTION,1. A (Colleague): Yeh file abhi tak nahi bheji?,2. B (Colleague): Kitni baar bhejun main?,How many times should I send it?,Colleague,Colleague,WORKPLACE,EQUAL,MEDIUM,REQUIRED,The translation must preserve open frustration and the rhetorical nature of the question. It must not be flattened into cheerful compliance or a literal request for a number. This is the openly irritated half of a minimal pair with HIN_STA_003.,I'd be happy to send it again.,contrastive,,,,,,,,,,,,,,,
HIN_STA_005,HIN_STA_005-A,Hindi,STANCE_EMOTION,"1. A (Junior colleague): Sir, mujhse ek galti ho gayi report mein.
2. A (Junior colleague): Maine theek kar di hai, par thodi der ho gayi.","3. B (Senior colleague): Koi baat nahi, ho jata hai.","It is no matter, it happens.",Senior colleague,Junior colleague,WORKPLACE,SPEAKER_HIGHER,MEDIUM,REQUIRED,The translation must read as warm reassurance from a senior to a worried junior. It must not sound like the senior is brushing the junior off.,Don't worry about it — these things happen.,reference,,,,,,,,,,,,,,,
HIN_STA_005,HIN_STA_005-B,Hindi,STANCE_EMOTION,"1. A (Junior colleague): Sir, mujhse ek galti ho gayi report mein.
2. A (Junior colleague): Maine theek kar di hai, par thodi der ho gayi.","3. B (Senior colleague): Koi baat nahi, ho jata hai.","It is no matter, it happens.",Senior colleague,Junior colleague,WORKPLACE,SPEAKER_HIGHER,MEDIUM,REQUIRED,The translation must read as warm reassurance from a senior to a worried junior. It must not sound like the senior is brushing the junior off.,It doesn't matter. It happens.,contrastive,,,,,,,,,,,,,,,
HIN_STA_006,HIN_STA_006-A,Hindi,STANCE_EMOTION,1. A (Classmate): Maine poora syllabus ek din mein khatam kar liya.,2. B (Classmate): Achha? Poora?,Really? All of it?,Classmate,Classmate,FRIEND,EQUAL,MEDIUM,REQUIRED,The translation must preserve the speaker's open scepticism. Rendering it as admiration reverses the attitude entirely.,Oh really? The whole thing?,reference,,,,,,,,,,,,,,,
HIN_STA_006,HIN_STA_006-B,Hindi,STANCE_EMOTION,1. A (Classmate): Maine poora syllabus ek din mein khatam kar liya.,2. B (Classmate): Achha? Poora?,Really? All of it?,Classmate,Classmate,FRIEND,EQUAL,MEDIUM,REQUIRED,The translation must preserve the speaker's open scepticism. Rendering it as admiration reverses the attitude entirely.,Oh nice! All of it?,contrastive,,,,,,,,,,,,,,,
HNG_STA_001,HNG_STA_001-A,Hinglish,STANCE_EMOTION,1. A (Close friend): Maine gym join kar liya.,"2. B (Close friend): Wow, kitne din chalega yeh motivation?","Wow, how many days will this motivation last?",Close friend,Close friend,FRIEND,EQUAL,HIGH,REQUIRED,The translation must preserve friendly teasing between close friends. It must not become a genuine prediction of failure.,"Ha, and how long is this motivation going to last?",reference,,,,,,,,,,,,,,,
HNG_STA_001,HNG_STA_001-B,Hinglish,STANCE_EMOTION,1. A (Close friend): Maine gym join kar liya.,"2. B (Close friend): Wow, kitne din chalega yeh motivation?","Wow, how many days will this motivation last?",Close friend,Close friend,FRIEND,EQUAL,HIGH,REQUIRED,The translation must preserve friendly teasing between close friends. It must not become a genuine prediction of failure.,Great. I'm sure you'll give up in a few days.,contrastive,,,,,,,,,,,,,,,
HNG_STA_002,HNG_STA_002-A,Hinglish,STANCE_EMOTION,1. A (Manager): Yeh report phir se banani padegi.,"2. B (Employee): Sir, main teen baar already revise kar chuka hoon.","Sir, I have already revised it three times.",Employee,Manager,WORKPLACE,SPEAKER_LOWER,MEDIUM,REQUIRED,"The translation must preserve the implied protest. The employee is pushing back while staying respectful, and must not be made to simply agree.","Sir, I've already revised it three times.",reference,,,,,,,,,,,,,,,
HNG_STA_002,HNG_STA_002-B,Hinglish,STANCE_EMOTION,1. A (Manager): Yeh report phir se banani padegi.,"2. B (Employee): Sir, main teen baar already revise kar chuka hoon.","Sir, I have already revised it three times.",Employee,Manager,WORKPLACE,SPEAKER_LOWER,MEDIUM,REQUIRED,"The translation must preserve the implied protest. The employee is pushing back while staying respectful, and must not be made to simply agree.","Sure sir, I've revised it three times.",contrastive,,,,,,,,,,,,,,,
HNG_STA_003,HNG_STA_003-A,Hinglish,STANCE_EMOTION,1. A (Junior colleague): Interview thoda kharab gaya.,"2. B (Senior colleague): Arre, ek interview se kya hota hai yaar.","Oh, what happens from one interview, friend.",Senior colleague,Junior colleague,WORKPLACE,SPEAKER_HIGHER,HIGH,REQUIRED,"The translation must preserve warm encouragement. The rhetorical question is minimising the setback to comfort the listener, not belittling the listener's feelings.","Come on, one interview doesn't decide anything.",reference,,,,,,,,,,,,,,,
HNG_STA_003,HNG_STA_003-B,Hinglish,STANCE_EMOTION,1. A (Junior colleague): Interview thoda kharab gaya.,"2. B (Senior colleague): Arre, ek interview se kya hota hai yaar.","Oh, what happens from one interview, friend.",Senior colleague,Junior colleague,WORKPLACE,SPEAKER_HIGHER,HIGH,REQUIRED,"The translation must preserve warm encouragement. The rhetorical question is minimising the setback to comfort the listener, not belittling the listener's feelings.",So what? It's just one interview.,contrastive,,,,,,,,,,,,,,,
HNG_STA_004,HNG_STA_004-A,Hinglish,STANCE_EMOTION,1. A (Close friend): Tu kal aaya hi nahi.,"2. B (Close friend): Yaar sorry, bilkul bhool gaya tha.","Friend, sorry, I had completely forgotten.",Close friend,Close friend,FRIEND,EQUAL,HIGH,HELPFUL,"The translation must preserve a genuinely embarrassed apology between close friends, not a routine or perfunctory one.","Sorry man, I completely forgot.",reference,,,,,,,,,,,,,,,
HNG_STA_004,HNG_STA_004-B,Hinglish,STANCE_EMOTION,1. A (Close friend): Tu kal aaya hi nahi.,"2. B (Close friend): Yaar sorry, bilkul bhool gaya tha.","Friend, sorry, I had completely forgotten.",Close friend,Close friend,FRIEND,EQUAL,HIGH,HELPFUL,"The translation must preserve a genuinely embarrassed apology between close friends, not a routine or perfunctory one.","Sorry, it slipped my mind.",contrastive,,,,,,,,,,,,,,,
HNG_CSW_001,HNG_CSW_001-A,Hinglish,CODE_SWITCHING,"1. A (Employee): Sir, thoda time aur mil sakta hai?
2. B (Manager): Pehle bhi do baar extend kiya hai.","3. B (Manager): Dekho, this is the final deadline. Iske baad extension nahi milega.","Look, this is the final deadline. After this no extension will be given.",Manager,Employee,WORKPLACE,SPEAKER_HIGHER,MEDIUM,REQUIRED,"The translation must preserve the shift into an official, institutional footing. The deadline statement must read as final and non-negotiable, not as a personal view.",Look — this is the final deadline. There'll be no extension after this.,reference,,,,,,,,,,,,,,,
HNG_CSW_001,HNG_CSW_001-B,Hinglish,CODE_SWITCHING,"1. A (Employee): Sir, thoda time aur mil sakta hai?
2. B (Manager): Pehle bhi do baar extend kiya hai.","3. B (Manager): Dekho, this is the final deadline. Iske baad extension nahi milega.","Look, this is the final deadline. After this no extension will be given.",Manager,Employee,WORKPLACE,SPEAKER_HIGHER,MEDIUM,REQUIRED,"The translation must preserve the shift into an official, institutional footing. The deadline statement must read as final and non-negotiable, not as a personal view.","Look, I think this is probably the last deadline, no extension after that.",contrastive,,,,,,,,,,,,,,,
HNG_CSW_002,HNG_CSW_002-A,Hinglish,CODE_SWITCHING,1. A (Close friend): Result aa gaya?,"2. B (Close friend): Haan yaar, I got selected! Mujhe abhi tak yakeen nahi ho raha.","Yes friend, I got selected! I still cannot believe it.",Close friend,Close friend,FRIEND,EQUAL,HIGH,HELPFUL,"The translation must preserve the excitement that the switch into English carries. A flat, neutral report of the outcome loses the emotional peak of the turn.",Yes! I got selected — I still can't believe it.,reference,,,,,,,,,,,,,,,
HNG_CSW_002,HNG_CSW_002-B,Hinglish,CODE_SWITCHING,1. A (Close friend): Result aa gaya?,"2. B (Close friend): Haan yaar, I got selected! Mujhe abhi tak yakeen nahi ho raha.","Yes friend, I got selected! I still cannot believe it.",Close friend,Close friend,FRIEND,EQUAL,HIGH,HELPFUL,"The translation must preserve the excitement that the switch into English carries. A flat, neutral report of the outcome loses the emotional peak of the turn.","Yes, I was selected. I still cannot believe it.",contrastive,,,,,,,,,,,,,,,
HNG_CSW_003,HNG_CSW_003-A,Hinglish,CODE_SWITCHING,1. A (Student): Yeh error kyun aa raha hai?,"2. B (Teaching assistant): Tumne array ka index galat diya hai, isliye out of bounds ja raha hai.","You have given the array's index wrongly, that is why it is going out of bounds.",Teaching assistant,Student,ACADEMIC,SPEAKER_HIGHER,MEDIUM,HELPFUL,"The translation must render the English technical terms as plain, unmarked vocabulary. It must not add emphasis or attitude that the speaker did not express.","You've given the wrong array index, so it's going out of bounds.",reference,,,,,,,,,,,,,,,
HNG_CSW_003,HNG_CSW_003-B,Hinglish,CODE_SWITCHING,1. A (Student): Yeh error kyun aa raha hai?,"2. B (Teaching assistant): Tumne array ka index galat diya hai, isliye out of bounds ja raha hai.","You have given the array's index wrongly, that is why it is going out of bounds.",Teaching assistant,Student,ACADEMIC,SPEAKER_HIGHER,MEDIUM,HELPFUL,"The translation must render the English technical terms as plain, unmarked vocabulary. It must not add emphasis or attitude that the speaker did not express.","You've given the wrong so-called 'array index', so it's going 'out of bounds'.",contrastive,,,,,,,,,,,,,,,
HNG_CSW_004,HNG_CSW_004-A,Hinglish,CODE_SWITCHING,1. A (Colleague): Everything okay? Meeting mein tum kaafi quiet the.,"2. B (Colleague): Arre kuch nahi yaar, bas thoda ghar ki tension hai.","Oh nothing friend, just a little tension at home.",Colleague,Colleague,WORKPLACE,EQUAL,HIGH,REQUIRED,"The translation must preserve the move into a closer, more personal register. The reply should read as confiding in a friend, not as a formal answer to a workplace enquiry.","Ah, it's nothing, yaar — just some stuff going on at home.",reference,,,,,,,,,,,,,,,
HNG_CSW_004,HNG_CSW_004-B,Hinglish,CODE_SWITCHING,1. A (Colleague): Everything okay? Meeting mein tum kaafi quiet the.,"2. B (Colleague): Arre kuch nahi yaar, bas thoda ghar ki tension hai.","Oh nothing friend, just a little tension at home.",Colleague,Colleague,WORKPLACE,EQUAL,HIGH,REQUIRED,"The translation must preserve the move into a closer, more personal register. The reply should read as confiding in a friend, not as a formal answer to a workplace enquiry.",It is nothing. There is simply some tension at home.,contrastive,,,,,,,,,,,,,,,
HNG_CSW_005,HNG_CSW_005-A,Hinglish,CODE_SWITCHING,"1. A (Classmate): Maine assignment aaj subah shuru kiya tha.
2. A (Classmate): Aur ab submit bhi kar diya.","3. B (Classmate): Wah, what a genius. Hum toh kya hi kar sakte hain.","Wow, what a genius. What can we even do.",Classmate,Classmate,FRIEND,EQUAL,HIGH,REQUIRED,The translation must preserve the ironic reading. Rendering the praise literally reverses the speaker's attitude toward the classmate's boast.,"Oh wow, what a genius — what hope do the rest of us have?",reference,,,,,,,,,,,,,,,
HNG_CSW_005,HNG_CSW_005-B,Hinglish,CODE_SWITCHING,"1. A (Classmate): Maine assignment aaj subah shuru kiya tha.
2. A (Classmate): Aur ab submit bhi kar diya.","3. B (Classmate): Wah, what a genius. Hum toh kya hi kar sakte hain.","Wow, what a genius. What can we even do.",Classmate,Classmate,FRIEND,EQUAL,HIGH,REQUIRED,The translation must preserve the ironic reading. Rendering the praise literally reverses the speaker's attitude toward the classmate's boast.,"Wow, what a genius. There's nothing we can do.",contrastive,,,,,,,,,,,,,,,
HNG_CSW_006,HNG_CSW_006-A,Hinglish,CODE_SWITCHING,1. A (Colleague): Manager ne kya kaha?,"2. B (Colleague): Usne bola, 'this is not acceptable', aur chala gaya.","He said, 'this is not acceptable', and left.",Colleague,Colleague,WORKPLACE,EQUAL,MEDIUM,HELPFUL,The translation must keep the English clause marked as the manager's own words. Converting it to indirect speech loses the fact that the speaker is reproducing the manager's exact phrasing.,"He said, 'this is not acceptable', and walked off.",reference,,,,,,,,,,,,,,,
HNG_CSW_006,HNG_CSW_006-B,Hinglish,CODE_SWITCHING,1. A (Colleague): Manager ne kya kaha?,"2. B (Colleague): Usne bola, 'this is not acceptable', aur chala gaya.","He said, 'this is not acceptable', and left.",Colleague,Colleague,WORKPLACE,EQUAL,MEDIUM,HELPFUL,The translation must keep the English clause marked as the manager's own words. Converting it to indirect speech loses the fact that the speaker is reproducing the manager's exact phrasing.,He said it was not acceptable and left.,contrastive,,,,,,,,,,,,,,,
HIN_POL_009,HIN_POL_009-A,Hindi,POLITENESS_FORMALITY,(no previous turns - this item is interpretable on its own),"1. A (Young passenger): Aunty ji, aap yahan baith jaiye.","Aunty, you please sit here.",Young passenger,Elderly passenger,STRANGER,SPEAKER_LOWER,LOW,NOT_REQUIRED,The translation must preserve a young stranger offering a seat deferentially to an elder. The respectful imperative must not become a bare instruction.,"Please, aunty, do sit here.",reference,,,,,,,,,,,,,,,
HIN_POL_009,HIN_POL_009-B,Hindi,POLITENESS_FORMALITY,(no previous turns - this item is interpretable on its own),"1. A (Young passenger): Aunty ji, aap yahan baith jaiye.","Aunty, you please sit here.",Young passenger,Elderly passenger,STRANGER,SPEAKER_LOWER,LOW,NOT_REQUIRED,The translation must preserve a young stranger offering a seat deferentially to an elder. The respectful imperative must not become a bare instruction.,"Aunty, sit here.",contrastive,,,,,,,,,,,,,,,
HNG_POL_005,HNG_POL_005-A,Hinglish,POLITENESS_FORMALITY,(no previous turns - this item is interpretable on its own),"1. A (Support agent): Namaste sir, main aapki kya help kar sakta hoon?","Greetings sir, what help can I do for you?",Support agent,Customer,SERVICE,EQUAL,LOW,NOT_REQUIRED,"The translation must preserve a courteous, formal service opening. It must not become a brusque enquiry about what the customer wants.","Hello sir, how may I help you?",reference,,,,,,,,,,,,,,,
HNG_POL_005,HNG_POL_005-B,Hinglish,POLITENESS_FORMALITY,(no previous turns - this item is interpretable on its own),"1. A (Support agent): Namaste sir, main aapki kya help kar sakta hoon?","Greetings sir, what help can I do for you?",Support agent,Customer,SERVICE,EQUAL,LOW,NOT_REQUIRED,"The translation must preserve a courteous, formal service opening. It must not become a brusque enquiry about what the customer wants.","Hi, what do you want?",contrastive,,,,,,,,,,,,,,,
HIN_IND_009,HIN_IND_009-A,Hindi,INDIRECT_REQUEST_REFUSAL,(no previous turns - this item is interpretable on its own),1. A (Train passenger): Kya aap khidki band kar sakte hain?,Can you close the window?,Train passenger,Fellow passenger,STRANGER,EQUAL,LOW,NOT_REQUIRED,The translation must remain a polite request. It must not be rendered as a literal enquiry about whether the listener is physically capable of closing the window.,"Could you close the window, please?",reference,,,,,,,,,,,,,,,
HIN_IND_009,HIN_IND_009-B,Hindi,INDIRECT_REQUEST_REFUSAL,(no previous turns - this item is interpretable on its own),1. A (Train passenger): Kya aap khidki band kar sakte hain?,Can you close the window?,Train passenger,Fellow passenger,STRANGER,EQUAL,LOW,NOT_REQUIRED,The translation must remain a polite request. It must not be rendered as a literal enquiry about whether the listener is physically capable of closing the window.,Are you able to close the window?,contrastive,,,,,,,,,,,,,,,
HIN_IND_010,HIN_IND_010-A,Hindi,INDIRECT_REQUEST_REFUSAL,(no previous turns - this item is interpretable on its own),1. A (Professor): Is report par thoda aur mehnat karni padegi.,A little more effort will have to be put on this report.,Professor,Student,ACADEMIC,SPEAKER_HIGHER,MEDIUM,NOT_REQUIRED,The translation must keep the criticism impersonal. Naming the student as the one who fell short makes it markedly more face-threatening than what was said.,This report will need a bit more work.,reference,,,,,,,,,,,,,,,
HIN_IND_010,HIN_IND_010-B,Hindi,INDIRECT_REQUEST_REFUSAL,(no previous turns - this item is interpretable on its own),1. A (Professor): Is report par thoda aur mehnat karni padegi.,A little more effort will have to be put on this report.,Professor,Student,ACADEMIC,SPEAKER_HIGHER,MEDIUM,NOT_REQUIRED,The translation must keep the criticism impersonal. Naming the student as the one who fell short makes it markedly more face-threatening than what was said.,You didn't work hard enough on this report.,contrastive,,,,,,,,,,,,,,,
HIN_STA_007,HIN_STA_007-A,Hindi,STANCE_EMOTION,(no previous turns - this item is interpretable on its own),"1. A (Close friend): Arre, apna khayal rakha karo thoda.","Oh, do take care of yourself a little.",Close friend,Close friend,FRIEND,EQUAL,HIGH,NOT_REQUIRED,The translation must preserve affectionate concern between close friends. It must not become a reproach about the listener's habits.,"Hey, do look after yourself a bit.",reference,,,,,,,,,,,,,,,
HIN_STA_007,HIN_STA_007-B,Hindi,STANCE_EMOTION,(no previous turns - this item is interpretable on its own),"1. A (Close friend): Arre, apna khayal rakha karo thoda.","Oh, do take care of yourself a little.",Close friend,Close friend,FRIEND,EQUAL,HIGH,NOT_REQUIRED,The translation must preserve affectionate concern between close friends. It must not become a reproach about the listener's habits.,You should take better care of yourself.,contrastive,,,,,,,,,,,,,,,
HNG_STA_005,HNG_STA_005-A,Hinglish,STANCE_EMOTION,(no previous turns - this item is interpretable on its own),"1. A (Close friend): Yaar tension mat lo, sab theek ho jayega.","Friend, don't take tension, everything will become fine.",Close friend,Close friend,FRIEND,EQUAL,HIGH,NOT_REQUIRED,"The translation must preserve warm, casual reassurance between close friends. It must not become a flat or impersonal formula.","Don't stress, man — it'll all be fine.",reference,,,,,,,,,,,,,,,
HNG_STA_005,HNG_STA_005-B,Hinglish,STANCE_EMOTION,(no previous turns - this item is interpretable on its own),"1. A (Close friend): Yaar tension mat lo, sab theek ho jayega.","Friend, don't take tension, everything will become fine.",Close friend,Close friend,FRIEND,EQUAL,HIGH,NOT_REQUIRED,"The translation must preserve warm, casual reassurance between close friends. It must not become a flat or impersonal formula.",Do not worry. Everything will be fine.,contrastive,,,,,,,,,,,,,,,
HNG_CSW_007,HNG_CSW_007-A,Hinglish,CODE_SWITCHING,(no previous turns - this item is interpretable on its own),1. A (Manager): Aaj se ek rule hai — no phones during meetings.,From today there is one rule — no phones during meetings.,Manager,Team members,WORKPLACE,SPEAKER_HIGHER,MEDIUM,NOT_REQUIRED,The translation must preserve the rule as official and non-negotiable. It must not be softened into the manager's personal preference.,From today there's a rule — no phones during meetings.,reference,,,,,,,,,,,,,,,
HNG_CSW_007,HNG_CSW_007-B,Hinglish,CODE_SWITCHING,(no previous turns - this item is interpretable on its own),1. A (Manager): Aaj se ek rule hai — no phones during meetings.,From today there is one rule — no phones during meetings.,Manager,Team members,WORKPLACE,SPEAKER_HIGHER,MEDIUM,NOT_REQUIRED,The translation must preserve the rule as official and non-negotiable. It must not be softened into the manager's personal preference.,From today I'd prefer it if people didn't use phones in meetings.,contrastive,,,,,,,,,,,,,,,
